{
  "lessons": [
    {
      "monday": "Matematika",
      "tuesday": "Ona tili",
      "wednesday": "Ingliz tili",
      "thursday": "Tarix",
      "friday": "Fizika",
      "saturday": "Kimyo"
    },
    {
      "monday": "Ona tili",
      "tuesday": "Matematika",
      "wednesday": "Geografiya",
      "thursday": "Biologiya",
      "friday": "Adabiyot",
      "saturday": "Informatika"
    },
    {
      "monday": "Ingliz tili",
      "tuesday": "Fizika",
      "wednesday": "Matematika",
      "thursday": "Ona tili",
      "friday": "Kimyo",
      "saturday": "Jismoniy tarbiya"
    },
    {
      "monday": "Tarix",
      "tuesday": "Geografiya",
      "wednesday": "Fizika",
      "thursday": "Matematika",
      "friday": "Ona tili",
      "saturday": "San'at"
    },
    {
      "monday": "Biologiya",
      "tuesday": "Kimyo",
      "wednesday": "Ona tili",
      "thursday": "Ingliz tili",
      "friday": "Matematika",
      "saturday": "Musiqa"
    },
    {
      "monday": "Informatika",
      "tuesday": "Jismoniy tarbiya",
      "wednesday": "Tarix",
      "thursday": "Geografiya",
      "friday": "Ingliz tili",
      "saturday": "-"
    }
  ]
}
